<?xml version="1.0"?>
<!--<!DOCTYPE metadata SYSTEM "http://www.esri.com/metadata/esriprof80.dtd">-->
<metadata xml:lang="en"><Esri><CreaDate>20110524</CreaDate><CreaTime>09282800</CreaTime><SyncOnce>FALSE</SyncOnce><SyncDate>20100520</SyncDate><SyncTime>09223400</SyncTime><ModDate>20100520</ModDate><ModTime>09223400</ModTime><DataProperties><lineage><Process ToolSource="C:\Program Files\ArcGIS\ArcToolbox\Toolboxes\Data Management Tools.tbx\DefineProjection" Date="20090416" Time="115442">DefineProjection "Y:\GIS\Administrative Boundaries\City Council Districts\OaklandCityCouncilDistricts.shp" PROJCS['NAD_1983_StatePlane_California_III_FIPS_0403_Feet',GEOGCS['GCS_North_American_1983',DATUM['D_North_American_1983',SPHEROID['GRS_1980',6378137.0,298.257222101]],PRIMEM['Greenwich',0.0],UNIT['Degree',0.0174532925199433]],PROJECTION['Lambert_Conformal_Conic'],PARAMETER['False_Easting',6561666.666666666],PARAMETER['False_Northing',1640416.666666667],PARAMETER['Central_Meridian',-120.5],PARAMETER['Standard_Parallel_1',37.06666666666667],PARAMETER['Standard_Parallel_2',38.43333333333333],PARAMETER['Latitude_Of_Origin',36.5],UNIT['Foot_US',0.3048006096012192]] "Y:\GIS\Administrative Boundaries\City Council Districts\OaklandCityCouncilDistricts.shp"</Process><Process ToolSource="C:\Program Files\ArcGIS\ArcToolbox\Toolboxes\Conversion Tools.tbx\FeatureClassToFeatureClass" Date="20100503" Time="133437">FeatureClassToFeatureClass "W:\Data\Final Data\Admin Boundaries\adminbdry.gdb\Oak_CityCouncilDistricts" "W:\Data\Final Data\Admin Boundaries" OaklandCityCouncilDistricts_01.shp # "ID 'ID' true true false 8 Double 0 0 ,First,#,W:\Data\Final Data\Admin Boundaries\adminbdry.gdb\Oak_CityCouncilDistricts,ID,-1,-1;NAME 'NAME' true true false 25 Text 0 0 ,First,#,W:\Data\Final Data\Admin Boundaries\adminbdry.gdb\Oak_CityCouncilDistricts,NAME,-1,-1;OSLicens 'OSLicens' true true false 2 Short 0 0 ,First,#,W:\Data\Final Data\Admin Boundaries\adminbdry.gdb\Oak_CityCouncilDistricts,OSLicens,-1,-1;OvConcen 'OvConcen' true true false 2 Short 0 0 ,First,#,W:\Data\Final Data\Admin Boundaries\adminbdry.gdb\Oak_CityCouncilDistricts,OvConcen,-1,-1;SqMiles 'SqMiles' true true false 4 Long 0 0 ,First,#,W:\Data\Final Data\Admin Boundaries\adminbdry.gdb\Oak_CityCouncilDistricts,SqMiles,-1,-1;D06 'D06' true true false 4 Long 0 0 ,First,#,W:\Data\Final Data\Admin Boundaries\adminbdry.gdb\Oak_CityCouncilDistricts,D06,-1,-1;D07 'D07' true true false 4 Long 0 0 ,First,#,W:\Data\Final Data\Admin Boundaries\adminbdry.gdb\Oak_CityCouncilDistricts,D07,-1,-1;D08 'D08' true true false 4 Long 0 0 ,First,#,W:\Data\Final Data\Admin Boundaries\adminbdry.gdb\Oak_CityCouncilDistricts,D08,-1,-1;D09 'D09' true true false 4 Long 0 0 ,First,#,W:\Data\Final Data\Admin Boundaries\adminbdry.gdb\Oak_CityCouncilDistricts,D09,-1,-1;DIF 'DIF' true true false 2 Short 0 0 ,First,#,W:\Data\Final Data\Admin Boundaries\adminbdry.gdb\Oak_CityCouncilDistricts,DIF,-1,-1;OCCD 'OCCD' true true false 4 Long 0 0 ,First,#,W:\Data\Final Data\Admin Boundaries\adminbdry.gdb\Oak_CityCouncilDistricts,OCCD,-1,-1;Avg 'Avg' true true false 2 Short 0 0 ,First,#,W:\Data\Final Data\Admin Boundaries\adminbdry.gdb\Oak_CityCouncilDistricts,Avg,-1,-1;Avg_Dif_09 'Avg_Dif_09' true true false 2 Short 0 0 ,First,#,W:\Data\Final Data\Admin Boundaries\adminbdry.gdb\Oak_CityCouncilDistricts,Avg_Dif_09,-1,-1;Shape_Leng 'Shape_Length' false true true 8 Double 0 0 ,First,#,W:\Data\Final Data\Admin Boundaries\adminbdry.gdb\Oak_CityCouncilDistricts,Shape_Length,-1,-1;Shape_Area 'Shape_Area' false true true 8 Double 0 0 ,First,#,W:\Data\Final Data\Admin Boundaries\adminbdry.gdb\Oak_CityCouncilDistricts,Shape_Area,-1,-1" # "W:\Data\Final Data\Admin Boundaries\OaklandCityCouncilDistricts_01.shp"</Process></lineage></DataProperties><ArcGISFormat>1.0</ArcGISFormat></Esri><idinfo><citation><citeinfo><onlink Sync="TRUE">\\Central\Info\InfoAlameda 2010\Data\Final Data\Admin Boundaries\OaklandCityCouncilDistricts.shp</onlink><origin>REQUIRED: The name of an organization or individual that developed the data set.</origin><pubdate>REQUIRED: The date when the data set is published or otherwise made available for release.</pubdate><title>Oakland City Council Districts</title><ftname Sync="TRUE">OaklandCityCouncilDistricts</ftname><geoform Sync="TRUE">vector digital data</geoform></citeinfo></citation><native Sync="TRUE">Microsoft Windows XP Version 5.1 (Build 2600) Service Pack 3; ESRI ArcCatalog 9.3.1.3500</native><descript><langdata Sync="TRUE">en</langdata><abstract>Oakland City Council District</abstract><purpose>City Council District</purpose></descript><timeperd><current>publication date</current><timeinfo><sngdate><caldate>N/A</caldate></sngdate></timeinfo></timeperd><status><progress>Complete</progress><update>As needed</update></status><spdom><bounding><westbc Sync="TRUE">-122.341346</westbc><eastbc Sync="TRUE">-122.111327</eastbc><northbc Sync="TRUE">37.885140</northbc><southbc Sync="TRUE">37.699105</southbc></bounding><lboundng><leftbc Sync="TRUE">-122.341346</leftbc><rightbc Sync="TRUE">-122.111327</rightbc><bottombc Sync="TRUE">37.699105</bottombc><topbc Sync="TRUE">37.885140</topbc></lboundng></spdom><keywords><theme><themekt>Oakland California</themekt><themekey>City Council District</themekey></theme><place><placekt>United States</placekt><placekey>City of Oakland California</placekey></place></keywords><accconst>REQUIRED: Restrictions and legal prerequisites for accessing the data set.</accconst><useconst>REQUIRED: Restrictions and legal prerequisites for using the data set after access is granted.</useconst><natvform Sync="TRUE">Shapefile</natvform></idinfo><distInfo><distributor><distorTran><onLineSrc><linkage Sync="TRUE">file://\\Central\Info\InfoAlameda 2010\Data\Final Data\Admin Boundaries\OaklandCityCouncilDistricts.shp</linkage><protocol Sync="TRUE">Local Area Network</protocol><orDesc Sync="TRUE">002</orDesc></onLineSrc><transSize Sync="TRUE">0.046</transSize></distorTran><distorFormat><formatName Sync="TRUE">Shapefile</formatName></distorFormat></distributor></distInfo><dataqual><lineage><procstep><procdesc Sync="TRUE">Dataset copied.</procdesc><srcused Sync="TRUE">Y:\Data\Boundary Files\Arc Files\Alameda County &amp; Oakland\OakCityCouncilDistricts_region</srcused><date Sync="TRUE">20030528</date><time Sync="TRUE">14114100</time></procstep><procstep><procdesc Sync="TRUE">Dataset copied.</procdesc><srcused Sync="TRUE"></srcused><date Sync="TRUE">20060123</date><time Sync="TRUE">12043900</time></procstep><procstep><procdesc Sync="TRUE">Dataset copied.</procdesc><srcused Sync="TRUE"></srcused><procdate Sync="TRUE">20100402</procdate><proctime Sync="TRUE">12004800</proctime></procstep><procstep><procdesc Sync="TRUE">Dataset copied.</procdesc><srcused Sync="TRUE"></srcused><procdate Sync="TRUE">20100416</procdate><proctime Sync="TRUE">15144700</proctime></procstep></lineage></dataqual><dataIdInfo><envirDesc Sync="TRUE">Microsoft Windows XP Version 5.1 (Build 2600) Service Pack 3; ESRI ArcCatalog 9.3.1.3500</envirDesc><dataLang><languageCode Sync="TRUE" value="en"></languageCode></dataLang><idCitation><resTitle Sync="TRUE">OaklandCityCouncilDistricts</resTitle><presForm><PresFormCd Sync="TRUE" value="005"></PresFormCd></presForm></idCitation><spatRpType><SpatRepTypCd Sync="TRUE" value="001"></SpatRepTypCd></spatRpType><dataExt><geoEle><GeoBndBox esriExtentType="native"><westBL Sync="TRUE">-122.341346</westBL><eastBL Sync="TRUE">-122.111327</eastBL><northBL Sync="TRUE">37.88514</northBL><southBL Sync="TRUE">37.699105</southBL><exTypeCode Sync="TRUE">1</exTypeCode></GeoBndBox></geoEle></dataExt><geoBox esriExtentType="decdegrees"><westBL Sync="TRUE">-122.341346</westBL><eastBL Sync="TRUE">-122.111327</eastBL><northBL Sync="TRUE">37.88514</northBL><southBL Sync="TRUE">37.699105</southBL><exTypeCode Sync="TRUE">1</exTypeCode></geoBox></dataIdInfo><metainfo><langmeta Sync="TRUE">en</langmeta><metstdn Sync="TRUE">FGDC Content Standards for Digital Geospatial Metadata</metstdn><metstdv Sync="TRUE">FGDC-STD-001-1998</metstdv><mettc Sync="TRUE">local time</mettc><metc><cntinfo><cntorgp><cntper>REQUIRED: The person responsible for the metadata information.</cntper><cntorg>REQUIRED: The organization responsible for the metadata information.</cntorg></cntorgp><cntaddr><addrtype>REQUIRED: The mailing and/or physical address for the organization or individual.</addrtype><city>REQUIRED: The city of the address.</city><state>REQUIRED: The state or province of the address.</state><postal>REQUIRED: The ZIP or other postal code of the address.</postal></cntaddr><cntvoice>REQUIRED: The telephone number by which individuals can speak to the organization or individual.</cntvoice></cntinfo></metc><metd Sync="TRUE">20100520</metd><metextns><onlink Sync="TRUE">http://www.esri.com/metadata/esriprof80.html</onlink><metprof Sync="TRUE">ESRI Metadata Profile</metprof></metextns></metainfo><mdLang><languageCode Sync="TRUE" value="en"></languageCode></mdLang><mdStanName Sync="TRUE">ISO 19115 Geographic Information - Metadata</mdStanName><mdStanVer Sync="TRUE">DIS_ESRI1.0</mdStanVer><mdChar><CharSetCd Sync="TRUE" value="004"></CharSetCd></mdChar><mdHrLv><ScopeCd Sync="TRUE" value="005"></ScopeCd></mdHrLv><mdHrLvName Sync="TRUE">dataset</mdHrLvName><distinfo><resdesc Sync="TRUE">Downloadable Data</resdesc><stdorder><digform><digtinfo><transize Sync="TRUE">0.046</transize><dssize Sync="TRUE">0.046</dssize></digtinfo></digform></stdorder></distinfo><spdoinfo><direct Sync="TRUE">Vector</direct><ptvctinf><esriterm Name="OaklandCityCouncilDistricts"><efeatyp Sync="TRUE">Simple</efeatyp><efeageom Sync="TRUE">Polygon</efeageom><esritopo Sync="TRUE">FALSE</esritopo><efeacnt Sync="TRUE">7</efeacnt><spindex Sync="TRUE">TRUE</spindex><linrefer Sync="TRUE">FALSE</linrefer></esriterm><sdtsterm Name="OaklandCityCouncilDistricts"><sdtstype Sync="TRUE">G-polygon</sdtstype><ptvctcnt Sync="TRUE">7</ptvctcnt></sdtsterm></ptvctinf></spdoinfo><spref><horizsys><cordsysn><geogcsn Sync="TRUE">GCS_WGS_1984</geogcsn></cordsysn><geodetic><horizdn Sync="TRUE">D_WGS_1984</horizdn><ellips Sync="TRUE">WGS_1984</ellips><semiaxis Sync="TRUE">6378137.000000</semiaxis><denflat Sync="TRUE">298.257224</denflat></geodetic><geograph><geogunit Sync="TRUE">Decimal degrees</geogunit><latres Sync="TRUE">0.000000</latres><longres Sync="TRUE">0.000000</longres></geograph></horizsys></spref><refSysInfo><RefSystem><refSysID><identCode Sync="TRUE">GCS_WGS_1984</identCode></refSysID></RefSystem></refSysInfo><spatRepInfo><VectSpatRep><topLvl><TopoLevCd Sync="TRUE" value="001"></TopoLevCd></topLvl><geometObjs Name="OaklandCityCouncilDistricts"><geoObjTyp><GeoObjTypCd Sync="TRUE" value="001"></GeoObjTypCd></geoObjTyp><geoObjCnt Sync="TRUE">7</geoObjCnt></geometObjs></VectSpatRep></spatRepInfo><eainfo><detailed Name="OaklandCityCouncilDistricts"><enttyp><enttypl>Oakland City Council Districts</enttypl><enttypt Sync="TRUE">Feature Class</enttypt><enttypc Sync="TRUE">7</enttypc></enttyp><attr><attrlabl Sync="TRUE">FID</attrlabl><attalias Sync="TRUE">FID</attalias><attrtype Sync="TRUE">OID</attrtype><attwidth Sync="TRUE">4</attwidth><atprecis Sync="TRUE">0</atprecis><attscale Sync="TRUE">0</attscale><attrdef Sync="TRUE">Internal feature number.</attrdef><attrdefs Sync="TRUE">ESRI</attrdefs><attrdomv><udom Sync="TRUE">Sequential unique whole numbers that are automatically generated.</udom></attrdomv></attr><attr><attrlabl Sync="TRUE">Shape</attrlabl><attalias Sync="TRUE">Shape</attalias><attrtype Sync="TRUE">Geometry</attrtype><attwidth Sync="TRUE">0</attwidth><atprecis Sync="TRUE">0</atprecis><attscale Sync="TRUE">0</attscale><attrdef Sync="TRUE">Feature geometry.</attrdef><attrdefs Sync="TRUE">ESRI</attrdefs><attrdomv><udom Sync="TRUE">Coordinates defining the features.</udom></attrdomv></attr><attr><attrlabl Sync="TRUE">ID</attrlabl><attalias Sync="TRUE">ID</attalias><attrtype Sync="TRUE">Float</attrtype><attwidth Sync="TRUE">19</attwidth><atnumdec Sync="TRUE">11</atnumdec></attr><attr><attrlabl Sync="TRUE">NAME</attrlabl><attalias Sync="TRUE">NAME</attalias><attrtype Sync="TRUE">String</attrtype><attwidth Sync="TRUE">25</attwidth></attr><attr><attrlabl Sync="TRUE">OSLicens</attrlabl><attalias Sync="TRUE">OSLicens</attalias><attrtype Sync="TRUE">Number</attrtype><attwidth Sync="TRUE">4</attwidth></attr><attr><attrlabl Sync="TRUE">OvConcen</attrlabl><attalias Sync="TRUE">OvConcen</attalias><attrtype Sync="TRUE">Number</attrtype><attwidth Sync="TRUE">4</attwidth></attr><attr><attrlabl Sync="TRUE">SqMiles</attrlabl><attalias Sync="TRUE">SqMiles</attalias><attrtype Sync="TRUE">Number</attrtype><attwidth Sync="TRUE">9</attwidth></attr><attr><attrlabl Sync="TRUE">D06</attrlabl><attalias Sync="TRUE">D06</attalias><attrtype Sync="TRUE">Number</attrtype><attwidth Sync="TRUE">9</attwidth></attr><attr><attrlabl Sync="TRUE">D07</attrlabl><attalias Sync="TRUE">D07</attalias><attrtype Sync="TRUE">Number</attrtype><attwidth Sync="TRUE">9</attwidth></attr><attr><attrlabl Sync="TRUE">D08</attrlabl><attalias Sync="TRUE">D08</attalias><attrtype Sync="TRUE">Number</attrtype><attwidth Sync="TRUE">9</attwidth></attr><attr><attrlabl Sync="TRUE">D09</attrlabl><attalias Sync="TRUE">D09</attalias><attrtype Sync="TRUE">Number</attrtype><attwidth Sync="TRUE">9</attwidth></attr><attr><attrlabl Sync="TRUE">DIF</attrlabl><attalias Sync="TRUE">DIF</attalias><attrtype Sync="TRUE">Number</attrtype><attwidth Sync="TRUE">4</attwidth></attr><attr><attrlabl Sync="TRUE">OCCD</attrlabl><attalias Sync="TRUE">OCCD</attalias><attrtype Sync="TRUE">Number</attrtype><attwidth Sync="TRUE">9</attwidth></attr><attr><attrlabl Sync="TRUE">Avg</attrlabl><attalias Sync="TRUE">Avg</attalias><attrtype Sync="TRUE">Number</attrtype><attwidth Sync="TRUE">4</attwidth></attr><attr><attrlabl Sync="TRUE">Avg_Dif_09</attrlabl><attalias Sync="TRUE">Avg_Dif_09</attalias><attrtype Sync="TRUE">Number</attrtype><attwidth Sync="TRUE">4</attwidth></attr><attr><attrlabl Sync="TRUE">Shape_Leng</attrlabl><attalias Sync="TRUE">Shape_Leng</attalias><attrtype Sync="TRUE">Float</attrtype><attwidth Sync="TRUE">19</attwidth><atnumdec Sync="TRUE">11</atnumdec></attr><attr><attrlabl Sync="TRUE">Shape_Area</attrlabl><attalias Sync="TRUE">Shape_Area</attalias><attrtype Sync="TRUE">Float</attrtype><attwidth Sync="TRUE">19</attwidth><attrdef Sync="TRUE">Area of feature in internal units squared.</attrdef><attrdefs Sync="TRUE">ESRI</attrdefs><attrdomv><udom Sync="TRUE">Positive real numbers that are automatically generated.</udom></attrdomv><atnumdec Sync="TRUE">11</atnumdec></attr></detailed></eainfo><mdDateSt Sync="TRUE">20100520</mdDateSt></metadata>
